,DATA,TITULO,KW,RESUMO,URL,TARGET
0,,Mulheres dispensam mensagens de parabéns e pedem fim da violência,"['brasil', 'flores', 'pedem', 'luta', 'mulher', 'twitter', 'mensagens', 'mulheres', 'data', 'parabéns', 'gênero', 'dispensam', 'feminicídio', 'violência']","De acordo com dados do Mapa da Violência Contra a Mulher 2018, entre janeiro e novembro, só a imprensa brasileira veiculou 68.811 casos de violência contra a mulher, divididos em categorias como importunação sexual, violência on-line, estupro, feminicídio e violência doméstica.
É a denúncia da desigualdade e da violência que sofremos, mas também o anúncio de que nós, mulheres, estamos organizadas"", afirma a parlamentar.
Mobilização mundialDe fato, por ocasião da data, mulheres de todo o mundo têm saído às ruas para protestar contra as condições sociais que tentam rebaixar a posição feminina.
O feminicídio e a violência contra a mulher também foram pautados em Nairobi, capital do Quênia.
O movimento de mulheres protesta para que o poder público local reconheça a gravidade desses problemas sociais e seja criado um plano nacional de combate à violência e morte dessas mulheres.","https://www.brasil247.com/pt/247/brasil/386215/Mulheres-dispensam-mensagens-de-parab%C3%A9ns-e-pedem-fim-da-viol%C3%AAncia.htm
",0
1,2019-03-09 00:00:00,"Venezuela: depois de apagão, Maduro e Guaidó convocam novos protestos no país","['país', 'el', 'usurpador', 'venezuelano', 'sextafeira', 'maduro', 'venezuela', 'convocam', 'energia', 'la', 'quintafeira', 'pediu', 'guaidó', 'apagão', 'protestos']","Nicolás Maduro também pediu aos seus partidários que se mobilizassem para desfilar contra o ""imperialismo"".
¡Venezuela a la calle!
Mañana convoco a todo el pueblo venezolano a expresarnos masivamente en las calles contra el régimen usurpador, corrupto e incapaz que ha puesto a oscuras a nuestro país.
El cese de la usurpación será el cese de la oscuridad.
Os estabelecimentos equipados com geradores de energia atendem apenas os casos urgentes e pacientes já morreram porque os equipamentos respiratórios pararam de funcionar.","https://g1.globo.com/mundo/noticia/2019/03/09/venezuela-depois-de-apagao-maduro-e-guaido-convocam-novos-protestos-no-pais.ghtml
",0
2,2019-03-09 00:00:00,Redes sociais norteiam atuação de parlamentares no Congresso,"['rodrigo', 'maia', 'sociais', 'reforma', 'norteiam', 'parlamentar', 'congresso', 'vivo', 'atuação', 'presidente', 'seguidores', 'previdência', 'parlamentares', 'redes']","No Congresso Nacional, os celulares em punho são onipresentes: filmando discursos no plenário, registrando atos ou transmitindo ao vivo entrevistas à imprensa.
As fotos e vídeos vão direto para as redes sociais dos parlamentares.
OnlineAté mesmo reuniões a portas fechadas vão parar nas redes sociais.
A deputada Policial Katia Sastre (PR-SP) tem se dedicado para dar atenção aos seus seguidores nas redes, criadas um mês antes da eleição em outubro.
Para o deputado Fred Costa (Patri-MG), que tem a proteção dos animais como principal bandeira, as redes sociais são fundamentais para a sua atuação parlamentar.","https://g1.globo.com/politica/noticia/2019/03/09/redes-sociais-norteiam-atuacao-de-parlamentares-no-congresso.ghtml
",0
3,,Juiz federal bloqueia bens da família Richa,"['richa', 'bloqueia', 'r', 'mpf', 'fernanda', 'família', 'beto', 'decisão', 'indisponibilidade', 'público', 'bens', 'federal', 'juiz']","RECEBA diariamente pelo WhatsApp as principais notícias do ParanáO bloqueio, determinado a pedido do Ministério Público Federal (MPF), ocorre no âmbito da Operação Integração, um desdobramento da Operação Lava Jato.
De acordo com o MPF, Dirceu Pupo Ferreira utilizaria dinheiro de propina, pago pelas concessionárias de pedágio a Beto Richa, na compra/venda de imóveis, atividade central das empresas da família Richa.
Na Operação Integração, Beto Richa e o contador já são réus pelos crimes de corrupção passiva, organização criminosa e lavagem de dinheiro; Fernanda e André Richa são réus por lavagem de dinheiro.
Já o advogado Walter Bittar, que defende o ex-governador do Paraná Beto Richa, informou por nota que “as medidas cabíveis serão tomadas e há plena confiança na atuação do Poder Judiciário”.
A defesa de Fernanda Richa afirma que “o magistrado da causa foi induzido em erro pelo Ministério Público Federal.","https://www.gazetadopovo.com.br/politica/parana/juiz-federal-bloqueia-ativos-financeiros-imoveis-e-veiculos-da-familia-richa-ehr9hvtbsdjxwrptsuf4zotgl/
",0
4,,Olavo de Carvalho racha com governo Bolsonaro,"['bolsonaro', 'olavo', 'filósofo', 'mourão', 'ministério', 'disse', 'resende', 'racha', 'governo', 'carvalho', 'ministro']","O filósofo Olavo de Carvalho, considerado o “guru” da nova direita brasileira, entrou em rota de colisão com peças-chave do governo de Jair Bolsonaro (PSL).
— Olavo de Carvalho (@opropriolavo) 6 de março de 2019Educação vira foco de conflitoO principal foco das polêmicas recentes envolvendo Olavo de Carvalho é o Ministério da Educação.
“É a maior traição dentro do governo Bolsonaro que se viu até agora.
Já a também deputada federal Carla Zambelli (PSL-PR) tem uma avaliação mais crítica da postura de Olavo de Carvalho.
Um discípulo no ItamaratyO ministro da Educação foi um dos dois indicados por Olavo de Carvalho a Jair Bolsonaro.","https://www.gazetadopovo.com.br/politica/republica/olavo-de-carvalho-chuta-o-balde-e-expoe-racha-com-setores-do-governo-bolsonaro-3oov29k48zxklva7blqbviww7/
",0
5,2019-03-08 00:00:00,Mãe passa mal no enterro da filha que morreu queimada pelo namorado em SP,"['preso', 'namorado', 'filha', 'vítima', 'isabela', 'disse', 'miranda', 'passa', 'felipe', 'mãe', 'queimada', 'chácara', 'morreu', 'enterro', 'william', 'sp', 'testemunhas']","Mãe de Isabela Miranda de Oliveira passou mal durante enterro da filha — Foto: TV Globo/ReproduçãoO corpo da estudante Isabela Miranda de Oliveira, que faria 20 anos neste domingo (10), foi enterrado no Cemitério de Caieiras, na Grande São Paulo, nesta quinta-feira (8).
A mãe de Isabela passou mal e acompanhou o enterro em uma cadeira de rodas.
O autor do crime, William Felipe Alves, de 21 anos, está preso.
Isabela Miranda de Oliveira e o namorado William Felipe Alves, que está preso — Foto: TV Globo/ReproduçãoWilliam Felipe Alves foi preso em flagrante no mesmo dia.
Segundo testemunhas, William Felipe foi até o quarto e viu Isabela e o cunhado dele juntos na cama.","https://g1.globo.com/sp/sao-paulo/noticia/2019/03/08/mae-de-isabela-passa-mal-no-enterro-da-filha-que-morreu-queimada-pelo-namorado-em-sp.ghtml
",0
6,2019-03-08 00:00:00,"'Não pode levar um ano para aprovar uma reforma', diz Bolsonaro sobre Previdência","['bolsonaro', 'aprovar', 'reforma', 'disse', 'sociais', 'congresso', 'sustentar', 'levar', 'governo', 'proposta', 'recebeu', 'previdência']","""Acredito que sim"", respondeu Bolsonaro a jornalistas ao ser questionado se acreditava que a proposta de reforma da Previdência poderia ser aprovada ainda neste primeiro semestre.
A proposta de reforma da Previdência foi entregue por Bolsonaro aos presidentes da Câmara, Rodrigo Maia, e do Senado, Davi Alcolumbre, no dia 20 de fevereiro.
Até os militares vão entrar com a sua cota de sacrifício nessa reforma"", disse o presidente.
Presidente Jair Bolsonaro admite negociar pontos da reforma da PrevidênciaSobre a articulação no Congresso para a aprovação da proposta de reforma da Previdência, Bolsonaro disse que está apelando ao ""espírito patriótico"" dos parlamentares.
'Intensificação'À noite, o porta-voz de Bolsonaro, Otávio do Rêgo Barros, voltou a falar sobre a reforma da Previdência durante declaração à imprensa.","https://g1.globo.com/economia/noticia/2019/03/08/nao-pode-levar-um-ano-para-aprovar-uma-reforma-diz-bolsonaro-sobre-previdencia.ghtml
",0
7,2019-03-08 00:00:00,Paulo Vieira de Souza reitera ao Supremo pedido de liberdade,"['souza', 'processo', 'liberdade', 'reitera', 'supremo', 'justiça', 'federal', 'paulo', 'vieira', 'pedido', 'prisão', 'mendes']","Paulo Vieira de Souza após depoimento à 5ª Vara Federal de Justiça de São Paulo, no ano passado — Foto: Reprodução/TV GloboO ex-diretor de engenharia da Dersa Paulo Vieira de Souza , suspeito de ser operador de propinas do PSDB, reiterou nesta sexta-feira (8) pedido de liberdade ao Supremo Tribunal Federal ( STF ).
O caso está sob análise do ministro Gilmar Mendes , que no ano passado deu duas decisões para libertar Souza.
Em 2018, Paulo Vieira foi preso duas vezes em outro processo, que apura desvio de dinheiro das desapropriações do Rodoanel, mas foi solto por ordem de Gilmar Mendes.
De acordo com a Lava Jato, Paulo Vieira de Souza tinha, em 2010, cerca de R$ 100 milhões em espécie e teria um “bunker” para guardar a propina.
Após o pedido, Gilmar Mendes pediu informações à Justiça Federal em Curitiba, e a juíza Gabriela Hardt disse que há motivo suficiente para prisão preventiva.","https://g1.globo.com/politica/noticia/2019/03/08/paulo-vieira-de-souza-reitera-ao-supremo-pedido-de-liberdade.ghtml
",0
8,2019-03-08 04:30:00,"‘Queria ajudar Bolsonaro a mudar o país, mas o PSL tentou me enrolar’, diz candidata que acusa assessor de ministro","['país', 'quis', 'assessor', 'álvaro', 'r', 'tentou', 'psl', 'campanha', 'marcelo', 'antônio', 'turismo', 'queria', 'ministro', 'bolsonaro', 'enrolar', 'candidata', 'mudar', 'repasse', 'robertinho']","Veja mais opçõesLeia a entrevista com Adriana Moreira Borges, que acusa o ministro do Turismo, Marcelo Álvaro Antônio.
Nunca quis ser candidata, mas presidente do PSL mulher, para divulgar ações e trazer mulheres para a política.
Nos últimos dias de registro da chapa, resolvi sair como federal, pra ajudar Bolsonaro a mudar o país.
Eu tinha contato com quatro assessores do Marcelo Álvaro (presidente do PSL em Minas).
Um dia o Robertinho (assessor) me chamou para ir no hotel onde ele ficava hospedado, na Avenida Brasil, em Belo Horizonte.","https://oglobo.globo.com/brasil/queria-ajudar-bolsonaro-mudar-pais-mas-psl-tentou-me-enrolar-diz-candidata-que-acusa-assessor-de-ministro-23506767
",0
9,,"Em pleno Dia da Mulher, Damares Alves quer que homens nos deem flores","['flores', 'pleno', 'alves', 'violência', 'deem', 'mulher', 'damares', 'respeito', 'homens', 'mulheres', 'vamos', 'ministra', 'projeto', 'iguais']","Para completar, a ministra ainda disse que as mulheres não podem ser tratadas iguais aos homens em vários aspectos.
“Vamos elevar a mulher para um patamar de um ser especial, pleno, um ser extraordinário”, finalizou.
As declarações foram dadas durante o evento de lançamento da campanha “Salve Uma Mulher”, idealizada pela ministra em parceria com colaboradores, como Augustin.
O projeto é direcionado a profissionais do ramo da beleza, como maquiadores e cabeleireiros.
O intuito é que eles consigam identificar marcar de violência doméstica nas clientes.","https://capricho.abril.com.br/vida-real/em-pleno-dia-da-mulher-damares-alves-quer-que-homens-nos-deem-flores/
",0
10,2019-03-08 00:00:00,"'Era tudo flores e acabou nisso', diz mineira que foi espancada e deixada em estrada no Espírito Santo","['acabou', 'espírito', 'salvador', 'cansei', 'espancada', 'deixada', 'amaral', 'vítima', 'nisso', 'jane', 'santo', 'flores', 'disse', 'tentativa', 'irmão', 'mineira', 'cherubim', 'estrada', 'jonas']","Contudo, segundo Salvador Cherubim, a vítima de tentativa de feminicídio segue internada sem previsão de alta.
Com a gente ela fala com um pouco de dificuldade, mas esclarece o caso"", contou Salvador Cherubim ao MG1.
O suspeito das agressões é o namorado dela, Jonas Amaral.
“Ela tava muito machucada, seminua, sem as peças íntimas, unha quebrada, machucada da cabeça aos pés”, contou o irmão de Jane, Salvador Cherubim.
Em depoimento à polícia, o irmão de Jane disse que ela nunca se queixou do namorado, mas que ele tinha muito ciúmes.","https://g1.globo.com/mg/zona-da-mata/noticia/2019/03/08/era-tudo-flores-e-acabou-nisso-diz-mineira-que-foi-espancada-e-deixada-em-estrada-no-espirito-santo.ghtml
",0
11,2019-03-08 01:05:00,"Por que o Dia Internacional da Mulher é para reflexão, e não para flores ou bombons","['flores', 'essencialmente', 'março', '8', 'mulher', 'luta', 'direitos', 'mulheres', 'homens', 'data', 'internacional', 'reflexão', 'bombons']","Criada pela ONU, a data não é de festa: reflete a luta histórica por direitos e oportunidadesMuito se fala sobre o motivo de o 8 de março ter sido escolhido o Dia Internacional da Mulher.
Em 1975, o 8 de março foi oficializado pela ONU como o Dia Internacional da Mulher.
— O Dia Internacional da Mulher joga luz sobre essa situação.
Ou seja, é um dia de mobilização, não de homenagem a pessoas especiais com flores e bombons.
Por isso, neste 8 de março, ao encontrar uma mulher, em vez de oferecer flores e desejar feliz dia, olhe para ela e diga: estou com você nessa luta.","https://oglobo.globo.com/celina/por-que-dia-internacional-da-mulher-para-reflexao-nao-para-flores-ou-bombons-23506997
",0
12,2019-03-08 00:00:00,"Em troca de fundo do MPF, Petrobras repassará dados aos EUA","['doj', 'mpf', 'brasil', 'negócios', 'fundo', 'eua', 'dinheiro', 'acordo', 'relatórios', 'informações', 'governo', 'troca', 'petrobras', 'dados', 'repassará']","Negócios internacionaisPor Fernando MartinesAo que tudo indica, a ""lava jato"" se tornou um canal para o governo dos Estados Unidos ter acesso aos negócios da Petrobras.
Em troca do dinheiro vir para o Brasil, a Petrobras se comprometeu a repassar informações confidenciais sobre seus negócios ao governo norte-americano.
O acordo diz que a Petrobras pagaria US$ 853 milhões de multas para que não fosse processada pelos crimes de que é acusada nos EUA.
Mas os anexos é que tratam do principal: o destino do dinheiro em troca das informações sobre as atividades da Petrobras.
Clique aqui para ler o acordo entre Petrobras e EUA","https://www.conjur.com.br/2019-mar-08/troca-alimentar-fundo-mp-petrobras-repassara-dados-aos-eua
",0
13,2019-03-08 00:00:00,Sobe para 197 o número de mortos identificados na tragédia da Vale em Brumadinho,"['vale', 'brumadinho', 'mortos', 'identificados', 'civil', 'defesa', 'tragédia', 'brumadinhosegundo', 'continuam', '197', 'desaparecidas', 'sobe']","Sobe para 197 o número de mortos identificados na tragédia da Vale em BrumadinhoSegundo a Defesa Civil, 111 pessoas continuam desaparecidas.","https://g1.globo.com/mg/minas-gerais/noticia/2019/03/08/sobe-para-197-o-numero-de-mortes-confirmadas-na-tragedia-da-vale-em-brumadinho.ghtml
",0
14,,A irresponsável declaração de Bolsonaro no Dia Internacional da Mulher,"['bolsonaro', 'declaração', 'país', 'brasil', 'irresponsável', 'pesquisa', 'mulher', 'cargos', 'afirmou', 'mulheres', 'homens', 'internacional', 'gênero']","Somente um pequeno detalhe: cada uma dessas mulheres que está aqui equivale por 10 homens.
A garra dessas duas transmite energia para os demais”, disse ele em tom condescendente, nesta sexta-feira (08), em cerimônia em homenagem ao Dia Internacional da Mulher, no Palácio do Planalto.
E boa parte disso é graças à garra, à vontade, à determinação, à dedicação e à fé das mulheres.
E é particularmente irresponsável tal declaração se analisarmos alguns outros dados.
Então, Bolsonaro, quando o seu governo tiver 11 homens e 11 mulheres nos cargos ministeriais, aí, sim, você vai poder dizer que o número está equilibrado pela primeira vez nesse país.","https://mdemulher.abril.com.br/estilo-de-vida/a-irresponsavel-declaracao-de-bolsonaro-no-dia-internacional-da-mulher/
",0
15,2019-03-08 19:03:16,Morre o policial militar baleado na Rocinha,"['polícia', 'zona', 'upp', 'sul', 'policial', 'confronto', 'soldado', 'rio', 'pm', 'morre', 'rocinha', 'comunidade', 'militar', 'baleado']","Rafael Nascimento Tamanho do textoRIO — O soldado da Polícia Militar Leandro Venerando Costa da Silva, 33 anos, não resistiu aos ferimentos e morreu nesta sexta-feira.
Ele foi baleado na Rocinha, Zona Sul do Rio, durante um confronto na comunidade nesta manhã.
Ferideo, ele foi socorrido e levado para o Hospital municipal Miguel Couto, também na Zona Sul do Rio.
Por meio de nota, a Polícia Militar lamentou a morte do Leandro.
De acordo com a Polícia Militar, houve um confronto entre PMs da UPP da comunidade e um bando armado.","https://extra.globo.com/casos-de-policia/morre-policial-militar-baleado-na-rocinha-23509023.html
",0
16,2019-03-08 00:00:00,Homicídio contra mulher e feminicídio demandam políticas públicas específicas,"['brasil', 'demandam', 'violentas', 'mulher', 'públicas', '2018', 'mulheres', 'políticas', 'estados', 'aumento', 'homicídio', 'mortes', 'específicas', 'feminicídio', 'violência', 'ceará']","O ano de 2019 começou com boas e más notícias no que diz respeito ao número de mortes violentas no Brasil.
No Brasil, no ano de 2018, os homicídios de mulheres representaram cerca de 8,7% dos total de assassinatos no país.
Quando as vítimas são mulheres, as mortes podem ser classificadas como feminicídios se o crime for motivado pela condição de gênero.
Segundo os dados levantados pelo Monitor da Violência, 16 unidades da federação tiveram aumento dos registros de feminicídio em 2018 em relação ao ano anterior.
Vale lembrar que logo no início de 2018 o Ceará foi palco de uma chacina que vitimou 14 pessoas, sendo 8 mulheres.","https://g1.globo.com/monitor-da-violencia/noticia/2019/03/08/homicidio-contra-mulher-e-feminicidio-demandam-politicas-publicas-especificas.ghtml
",0
17,2019-03-08 20:30:20,Professor de jiu-jítsu assassinado no Andaraí é enterrado sob forte comoção,"['rodrigo', 'professor', 'amigos', 'jiujítsu', 'comoção', 'tijuca', 'segurança', 'assassinado', 'quitinetes', 'rua', 'andaraí', 'cafu', 'tráfico', 'tiros', 'enterrado', 'forte']","Flávia Junqueira Tamanho do textoAs três salvas de palmas em homenagem ao professor e mestre de jiu-jítsu Rodrigo Tawil Fernandes, assassinado com 14 tiros na noite desta quinta-feira, ecoaram pelo Cemitério do Caju.
Um segundo carrinho foi necessário para levar todas as coroas de flores que chegaram à Capela E, que ficou pequena para tantas despedidas.
Rodrigo, conhecido como Cafu, foi morto na Rua Agenor Moreira, no Andaraí.
Além de professor de jiu-jítsu, Cafu tinha uma empresa de segurança que atuava em eventos e também trabalhava para o grupo Sorriso Maroto.
Ele era filho do ex-jogador de futebol Moacir Fernandes, o Cafuringa, que jogou pelo Fluminense, Botafogo e Atlético Mineiro.","https://extra.globo.com/casos-de-policia/professor-de-jiu-jitsu-assassinado-no-andarai-enterrado-sob-forte-comocao-23509280.html
",0
18,2019-03-08 00:00:00,Witzel sanciona lei que impede nomeação de condenados na Maria da Penha em cargos comissionados,"['witzel', 'cargos', 'lei', 'comissionados', 'wilson', 'mulher', 'mulheres', 'metade', 'maria', 'impede', 'secretariado', 'sanciona', 'sancionou', 'nomeação', 'condenados', 'penha']","Witzel sancionou uma lei que impede a nomeação de condenados na Lei Maria da Penha em cargos comissionados — Foto: ReproduçãoNa véspera do Dia Internacional da Mulher, o governador do Rio de Janeiro, Wilson Witzel, sancionou uma lei que impede a nomeação de condenados na Lei Maria da Penha em cargos comissionados.
Governador prometeu mulheres na metade das secretariasDurante a campanha ao governo do estado, Wilson Witzel disse que teria ""mulheres em metade do nosso secretariado"", mas, ainda não chegou perto de cumprir essa promessa.
Até esta sexta (8), Dia Internacional da Mulher, são apenas duas mulheres nas 20 pastas.
As exceções nos dois primeiros meses de governo são Ana Lucia Santoro, no Ambiente e Sustentabilidade, e Fabiana Bentes, no Desenvolvimento Social e Direitos Humanos.
A promessa de representatividade feminina no primeiro escalão foi feita em evento de campanha em 16 de outubro, como noticiou o G1.","https://g1.globo.com/rj/rio-de-janeiro/noticia/2019/03/08/witzel-sanciona-lei-que-impede-nomeacao-de-condenados-na-maria-da-penha-em-cargos-comissionados.ghtml
",0
19,2019-03-08 20:45:53,'Saúde absolutamente normal': promotores interrogam João de Deus e desmentem argumentação da defesa,"['diferenciado', 'desmentem', 'atendimento', 'médium', 'laudos', 'joão', 'interrogam', 'quadro', 'argumentação', 'deus', 'saúde', 'defesa', 'prisão', 'absolutamente', 'promotores', 'normal']","Na sala de interrogatórios, o médium reclamava das condições da prisão, cabisbaixo, enquanto aguardava os promotores.
- Ele não tem nenhum quadro de saúde debilitado que possa dar margem à autorização de atendimento diferenciado ou domiciliar.
- Penna acrescenta que João perdeu peso, mas ""está falando normalmente e com aparência normal"" para quem está preso há três meses.
- Não há nada que transpareça a necessidade de um atendimento diferenciado.
- À priori, o estado de saúde dele não é nada que sequer motive tratamento diferenciado ou atendimento emergencial.","https://extra.globo.com/noticias/brasil/saude-absolutamente-normal-promotores-interrogam-joao-de-deus-desmentem-argumentacao-da-defesa-23509332.html
",0
20,2019-03-08 17:24:02,Polícia prende principal suspeito de matar adolescente em Nova Iguaçu,"['polícia', 'adolescente', 'suspeito', 'prende', 'lucas', 'silva', 'principal', 'torres', 'santos', 'última', 'matar', 'quartafeira', 'iguaçu']","Jhony da Silva Gomes, de 28 anos, é o principal suspeito de envolvimento na morte de Lucas Torres dos Santos, de 16 anos Foto: DivulgaçãoExtra Tamanho do textoRIO — A Polícia Civil prendeu o principal suspeito pela morte do adolescente Lucas Torres dos Santos, de 16 anos, nesta quarta-feira.
Identificado como Johnny da Silva Gomes, 28 anos, ele se entregou na delegacia de Nova Iguaçu, a 52ª DP.
Depois, o suspeito foi encaminhado para a Delegacia de Homicídios da Baixada Fluminense (DHBF), responsável pelas investigações.
O adolescente estava desaparecido desde o último sábado, quando saiu para encontrar amigos da escola para aproveitar o carnaval na Praça de Cabuçu, também em Nova Iguaçu.
Lucas Torres dos Santos foi encontrado morto em Nova Iguaçu Foto: ReproduçãoNa última quarta-feira, familiares e amigos de Lucas fizeram uma manifestação justiça:- Ele matou nosso menino de forma cruel, fez muita maldade.","https://extra.globo.com/casos-de-policia/policia-prende-principal-suspeito-de-matar-adolescente-em-nova-iguacu-23508641.html
",0
21,2019-03-08 00:00:00,"'Foi pelo meu posicionamento político', diz dirigente do PT que teve braço quebrado por PMs em delegacia","['atibaia', 'braço', 'disse', 'policial', 'pms', 'policiais', 'justiça', 'algemas', 'político', 'ocorrência', 'quebrado', 'prisão', 'delegacia', 'posicionamento', 'doratioto', 'dirigente', 'pt']","Dirigente do PT em Atibaia, Geovani Doratioto, de 29 anos, prestou depoimento à Ouvidoria das Polícias em São Paulo, na tarde desta sexta-feira (8).
E tudo isso numa campanha contra o assédio no carnaval"", disse Doratioto.
Ele disse que houve provocação por parte de um grupo de pessoas que eram contrários ao posicionamento político dele.
""Eu fui vítima de violência policial depois, na delegacia, quando tiraram minhas algemas, já numa área restrita da delegacia.
Estava doendo demais e eu estava pedindo para que tirassem as algemas"", disse.","https://g1.globo.com/sp/sao-paulo/carnaval/2019/noticia/2019/03/08/foi-pelo-meu-posicionamento-politico-diz-dirigente-do-pt-que-teve-braco-quebrado-por-pms-em-delegacia.ghtml
",0
22,2019-03-08 19:54:20+00:00,"Mourão produz “incêndio amigo” a todo segundo, diz Feliciano a Bolsonaro","['bolsonaro', 'mourão', 'vídeo', 'feliciano', 'vicepresidente', 'vice', 'federal', 'produz', 'presidente', 'amigo', 'incêndio', 'deputado']","PublicidadeO deputado federal Marco Feliciano usou o Twitter para fazer uma série de alertas ao presidente Jair Bolsonaro e seus filhos, o vereador do Rio de Janeiro, Carlos Bolsonaro, e o deputado federal Eduardo Bolsonaro.
Feliciano comentou sobre a mudança de tom que o vídeo divulgado pelo presidente tomou após os dois protagonistas das cenas pornográficas se colocarem como manifestantes contra o conservadorismo.
Foi então que Feliciano falou sobre o vice-presidente, Hamilton Mourão, que sempre dá declarações contraditórias ao presidente.
“Nosso presidente @jairbolsonaro é espancado diariamente na tribuna da @camaradeputados e o despreparo dos poucos e quase inexistente defensores é de dar pena.
Seu vice @GeneralMourao não produz fogo amigo, produz um ‘incêndio’ amigo a todo segundo”.","https://www.gospelprime.com.br/mourao-produz-incendio-amigo-a-todo-segundo-diz-feliciano-a-bolsonaro/
",0
23,2019-03-08 10:57:08-03:00,Feliciano: “O despreparo dos poucos e quase inexistentes defensores de Bolsonaro é de dar pena”,"['bolsonaro', 'pena', 'inexistentes', 'defensores', 'tribuna', 'sangraro', 'feliciano', 'quase', 'umbigos', 'twitter', 'despreparo', 'vice', 'produz', 'péssimaentre', 'amigo']","Aliado de Jair Bolsonaro, o deputado Marco Feliciano (Podemos) foi ao Twitter hoje criticar a comunicação do governo, que, segundo ele, está “péssima”.
Entre outras coisas, Feliciano diz:“A esquerda é profissional e, me perdoem, somos amadores.
Ou vocês criam um grupo política e intelectualmente preparado, ou todos os dias irão sangrar.”“O ego daqueles que vocês elegeram está tão inflado que só enxergam seus umbigos.
Alguns ministros estão deslumbrados com os holofotes.”“Nosso presidente é espancado diariamente na tribuna da Câmara e o despreparo dos poucos e quase inexistentes defensores é de dar pena.
Seu vice não produz ‘fogo amigo’, produz ‘incêndio amigo’ a todo segundo.”","https://www.oantagonista.com/brasil/feliciano-o-despreparo-dos-poucos-e-quase-inexistentes-defensores-de-bolsonaro-e-de-dar-pena/
",0
24,,"Por “questão de segurança”, Edison Brittes Jr. é transferido para Curitiba","['edison', 'paraná', 'preso', 'transferido', 'brittes', 'segurança', 'pinhais', 'josé', 'casa', 'curitiba', 'custódia', 'junior', 'jogador', 'jr']","Assassino confesso do jogador Daniel Corrêa de Freitas, Edison Brittes Junior foi transferido na manhã desta sexta-feira (8) para a Casa de Custódia de Curitiba.
De acordo com o Departamento Penitenciário do Paraná (Depen-PR), ele foi retirado da Casa de Custódia de São José dos Pinhais, onde estava preso, por “questão de segurança”.
Leia também: Selfies dos réus, bate-boca e ironias: veja como foi a primeira parte das audiências do caso DanielO Depen não confirmou o motivo da transferência.
A reportagem da Tribuna do Paraná apurou, no entanto, que a suposta razão seria um bilhete que teria chegado às mãos do empresário, com uma oferta de outro preso para providenciar a fuga de Brittes Junior em troca de pagamento em dinheiro.
Já a defesa dos Brittes, em nota, disse que “recebeu com estranheza a informação do suposto bilhete que teria circulado e sido encontrado dentro da Casa de Custódia de São José dos Pinhais em data e horário em que Edison Brittes Júnior estava no Fórum de São José dos Pinhais acompanhado as audiências que investigam a morte do jogador Daniel”.","https://www.gazetadopovo.com.br/curitiba/por-questao-de-seguranca-edison-brittes-jr-e-transferido-para-curitiba-8pyw2ogntdvhu7s09ez7myxvr/
",0
25,,Homem é preso por estuprar a própria sogra de 101 anos,"['bezerra', 'idosa', 'preso', 'polícia', 'filha', 'confessou', 'josé', 'homem', 'estuprar', 'delegacia', '101', 'sogra', 'crime', 'prisão']","José Bezerra da Silva, 44 anos, foi preso em flagrante por estuprar a sogra, de 101, em Pombos, na Zona da Mata de Pernambuco.
A prisão foi feita após a filha da vítima descobrir, através de filmagens, que a idosa era violentada sexualmente.
O acusado do crime confessou tudo aos policiais.
Ela contou à Polícia que estava desconfiada do homem e que por isso tinha instalado câmeras de segurança escondidas.
Segundo informações da Polícia Civil, José Bezerra foi localizado em seu local de trabalho, confessou o crime e não resistiu à prisão.","https://claudia.abril.com.br/noticias/homem-e-preso-por-estuprar-a-proprio-sogra-de-101-anos/
",0
26,2019-03-08 15:09:00,Bolsonaro critica obrigatoriedade de curso do BB contra assédio moral e sexual,"['bolsonaro', 'critica', 'sexual', 'brasil', 'banco', 'mulher', 'obrigatoriedade', 'moral', 'assédio', 'mulheres', 'curso', 'bb', 'presidente', 'violência']","Veja mais opçõesNa avaliação do presidente, questões relacionadas a assédio moral e sexual, além de diversidade, deveriam ser tratadas na área da educação.
O curso ainda explica didaticamente o que é equidade de gênero, já que homens e mulheres são biologicamente diferentes.
O curso ainda fala sobre as relações de poder do homem sobre a mulher e trabalha para prevenir não apenas assédio sexual no trabalho, mas também a violência doméstica.
O BB lembra que as mulheres são as maiores vítimas do assédio sexual.
Questionado sobre a decisão do presidente de não exigir mais esse curso, o Banco do Brasil informou que não se manifestará.","https://oglobo.globo.com/sociedade/bolsonaro-critica-obrigatoriedade-de-curso-do-bb-contra-assedio-moral-sexual-23508236
",0
27,2019-03-08 19:27:07,Mulher é morta por ex-companheiro na Zona Oeste do Rio,"['zona', 'evânio', 'vítima', 'mulher', 'morta', 'família', 'conta', 'rio', 'deus', 'acordo', 'excompanheiro', 'crime', 'oeste', 'corpo', 'carine']","Marcos Nunes e Rafael Nascimento Tamanho do textoRIO — A cabeleireira Carine Alves Lobo, de 29 anos, foi encontrada morta por estrangulamento, nesta sexta-feira, Dia Internacional da Mulher, em Padre Miguel, na Zona Oeste do Rio.
O veículo, um Gol de cor escura, era da vítima, de acordo com a Polícia Civil.
Atendendo um pedido do ex-namorado, ela fez algumas compras e levou o que o ex-companheiro pediu para uma casa onde ele estava.
Vítima havia superado um câncerDe acordo com a família, Carine era bastante trabalhadora e tinha muitos amigos.
Moradora de Senador Camará, também na Zona Oeste, ela tinha dois salões de beleza, que conseguiu a muito custo.","https://extra.globo.com/casos-de-policia/mulher-morta-por-ex-companheiro-na-zona-oeste-do-rio-23509145.html
",0
28,2019-03-08 09:51:00,Paisagista agredida faz postagem em homenagem ao Dia Internacional da Mulher,"['homenagem', 'quebrou', 'postagem', 'mulher', 'mulheres', 'internacional', 'vida', 'paisagista', 'elaine', 'acusado', 'agredida', 'violência', 'serra']","RIO - A paisagista Elaine Peres Caparroz, de 55 anos, usou seu perfil no Instagram para homenagear as mulheres no Dia Internacional da Mulher.
Receba as newsletters do Globo: Digite as letras da imagem: Trocar imagem Cadastrar Já recebe a newsletter diária?
Estes depoimentos poderão ajudar muitas mulheres a se prevenirem e as que já passaram a encontrar força para seguir em frente!
Feliz dia internacional da Mulher!
Vinícius Serra alegou, em depoimento, que teve um surto após beber vinho durante o jantar com Elaine e, por isso, a agressão ocorreu.","https://oglobo.globo.com/rio/celina/paisagista-agredida-faz-postagem-em-homenagem-ao-dia-internacional-da-mulher-23507328
",0
29,2019-03-08 00:00:00,"1 dia depois de Bolsonaro anunciar fim das lombadas eletrônicas, ministro diz que elas continuarão 'onde for absolutamente necessário'","['bolsonaro', 'lombadas', 'eletrônica', 'continuarão', 'eletrônicas', 'lombada', '1', 'necessário', 'afirmou', 'velocidade', 'investir', 'vamos', 'anunciar', 'excesso', 'absolutamente', 'presidente', 'ministro', 'monitoramento']","O ministro da Infraestrutura, Tarcísio Freitas, afirmou nesta sexta-feira (8) que a instalação de lombadas eletrônicas nas estradas federais será reavaliada.
O que disse Bolsonaro“Decisão nossa: não teremos mais nenhuma nova lombada eletrônica para o Brasil.
Bolsonaro citou como exemplo a Rodovia Rio-Santos e criticou o excesso de lombadas nas estradas: “Há uma quantidade enorme de lombadas eletrônicas no Brasil.
Se gasta muito dinheiro com lombada eletrônica, arrecadado por pedágio, que, no fundo, vai dar mais lucro para quem está realmente explorando aquela lombada eletrônica e você fica com um péssimo trabalho no tocante, então, à manutenção das rodovias”, disse.
“Se começou a botar lombada, lombada, lombada, lombada, a deficiência de geometria queria se resolver com a lombada, a deficiência de sinalização queria se resolver com a lombada e, no final das contas, se criou uma grande dificuldade para o órgão conseguir processar essa quantidade de multas”, afirmou.","https://g1.globo.com/carros/noticia/2019/03/08/1-dia-depois-de-bolsonaro-anunciar-fim-das-lombadas-eletronicas-ministro-diz-que-elas-continuarao-onde-for-absolutamente-necessario.ghtml
",0
30,2019-02-14 00:00:00,Homem é preso com quatro quilos de maconha e armas de fogo em Rio Pardo de Minas,"['armas', 'preso', 'suspeito', 'quilos', 'sacos', 'minas', 'maconha', 'rio', 'homem', 'pardo', 'receberam', 'plásticos', 'fogo']",Homem é preso com quatro quilos de maconha e armas de fogo em Rio Pardo de MinasMilitares receberam denúncias afirmando que o homem escondia armas na casa dele; droga estava escondida em sacos plásticos dentro do quarto do suspeito.,"https://g1.globo.com/mg/grande-minas/noticia/2019/02/14/homem-e-preso-com-quatro-quilos-de-maconha-e-armas-de-fogo-em-rio-pardo-de-minas.ghtml
",0
31,2019-02-13 00:00:00,"Dono de clínicas psiquiátricas é indiciado por posse de armas de uso restrito, diz polícia","['armas', 'paraná', 'restrito', 'polícia', 'dono', 'preso', 'psiquiátricas', 'indiciado', 'clínicas', 'público', 'nicolau', 'posse', 'paulo', 'encontradas', 'inquérito', 'uso']","Paulo Nicolau, dono de clínicas psiquiátricas em Londrina, no norte do Paraná, onde foram encontradas 24 armas e 1,9 mil cápsulas de munição , foi indiciado nesta quarta-feira (13) por posse de armas de uso restrito, que tem pena prevista de 3 a 6 anos de prisão.
A defesa de Paulo Nicolau dele disse que não vai se manifestar por enquanto, porque ainda não teve conhecimento do teor do inquérito.
Entre as armas encontradas em escritórios das clínicas, estavam uma submetralhadora e canetas revólveres.
Oliveira explicou que o dono das armas não foi preso porque se apresentou espontaneamente para explicar a situação.
“Ele [Paulo Nicolau] disse que essas pessoas que venderam sabiam do seu interesse de colecionar armas de fogo, e essas vendas teriam sido na frente da casa dele”, detalhou Ovileira.","https://g1.globo.com/pr/norte-noroeste/noticia/2019/02/13/dono-de-clinicas-psiquiatricas-e-indiciado-por-posse-de-armas-de-uso-restrito-diz-policia.ghtml
",0
32,2019-02-16 09:12:14-03:00,PM apreende cinco armas de fogo durante madrugada deste sábado,"['armas', 'munições', 'pistola', 'polícia', 'registrada', 'revólver', 'madrugada', 'arma', 'apreende', 'pm', 'fogo', 'calibre', 'ocorrência', '38', 'delegacia', 'sábado']","Os flagrantes aconteceram em diversas regiões do Distrito FederalDa Redaçãoredacao@grupojbr.comA Polícia Militar do DF apreendeu cinco armas em várias regiões da capital.
Além da pistola, também foram apreendidas uma arma de fabricação artesanal, de calibre 22, e duas munições calibre 762.
Às 22h34, em uma via pública do setor P Sul, em Ceilândia, um homem foi detido portando um revólver calibre 38, com seis munições intactas.
Minutos depois, em Santa Maria, a Polícia Militar deteve um homem que estava com um revólver calibre 38 com cinco munições intactas.
Com um deles foi encontrado um revólver calibre 38.","http://www.jornaldebrasilia.com.br/cidades/pm-apreende-cinco-armas-de-fogo-durante-madrugada-deste-sabado/
",0
33,,PM apreende seis armas de fogo sem registro no Distrito Federal,"['armas', 'munições', 'revólveres', 'registro', 'pistola', 'arma', 'apreende', 'pm', 'federal', 'calibre', '38', 'distrito', '22', 'fogo']","A Polícia Militar apreendeu seis armas de fogo entre a noite dessa sexta-feira (15/2) e a madrugada deste sábado (16), em vários pontos do Distrito Federal.
Entre os objetos, estavam duas pistolas, três revólveres calibre .38 e uma arma de fabricação artesanal.
Com ele também estavam uma arma artesanal calibre .22 e munições 762.
Uma pistola da fabricante Bereta, calibre .22, foi encontrada com o motorista de um carro na BR-060, próximo à Fazendinha.
Segundo a PM, todas as pessoas flagradas portando ilegalmente armas de fogo foram encaminhadas para as delegacias das respectivas regiões.","https://www.metropoles.com/distrito-federal/seguranca-df/pm-apreende-seis-armas-de-fogo-sem-registro-no-distrito-federal
",0
34,2019-02-10 00:00:00,Quatro suspeitos são presos em Tucuruí e armas são apreendidas durante operação,"['armas', 'operação', 'marabá', 'ilegal', 'policial', 'flagrante', 'apreendidas', 'policiais', 'civis', 'tucuruí', 'equipe', 'deca', 'suspeitos', 'presos', 'fogo']","De acordo com balanço da Operação Model divulgado no sábado (9), a equipe policial apreendeu também armas de fogo ilegais e motosserras usadas na extração ilegal de madeira.
Cinco homens foram presos em flagrante por porte ilegal de armas e por crimes previstos na Lei de Crimes Ambientais.
Participaram da operação, ao todo, 12 policiais civis.
No caminho, explica o delegado Alexandre, os policiais civis se depararam com um carregamento ilegal de madeiras tipo castanheira.
Os policiais civis revidaram e fizeram uma varredura na área da mata, porém ninguém foi encontrado.","https://g1.globo.com/pa/para/noticia/2019/02/10/quatro-suspeitos-sao-presos-em-tucurui-e-armas-sao-apreendidas-durante-operacao.ghtml
",0
35,2019-02-12 00:00:00,Grupo é detido com armas e munição em Divinópolis,"['armas', 'munições', 'quintino', 'polícia', 'detidas', 'munição', 'segundafeira', 'detido', 'pm', 'jovens', 'divinópolis', 'militar', 'envolvidos']","Quatro pessoas foram detidas com armas e munições na noite de segunda-feira (11), no Bairro Quintino, em Divinópolis.
Segundo a Polícia Militar (PM), dentre os envolvidos estão dois adolescentes de 15 e 17 anos, e dois jovens de 19 e 21 anos.","https://g1.globo.com/mg/centro-oeste/noticia/2019/02/12/grupo-e-detido-com-armas-e-municao-em-divinopolis.ghtml
",0
36,2019-02-28 15:15:24+00:00,MP mira “laranjas” por disparo de notícias falsas nas eleições de 2018,"['revelou', 'bolsonaro', 'mira', 'notícias', 'processo', 'mp', 'falsas', 'eleitoral', 'whatsapp', '2018', 'massa', 'mensagens', 'candidatos', 'serviços', 'políticos', 'disparo', 'laranjas', 'eleições']","O novo processo investiga se políticos compraram serviços de envio de mensagens em massa para os candidatos à presidênciaO Ministério Público (MP) está fazendo uma nova investigação sobre casos de distribuição em massa de notícias falsas nas eleições de 2018.
Esse novo processo quer descobrir se políticos serviram como “laranjas”, comprando serviços para envio de mensagens em massa para os candidatos à presidência Jair Bolsonaro (PSL) e Fernando Haddad (PT).
Caso isso aconteça, o processo pode subir para o TRE (Tribunal Regional Eleitoral) ou para o TSE (Tribunal Superior Eleitoral).
Reportagem do UOL revelou que, horas após a publicação da notícia, uma agência da campanha de Bolsonaro apagou registros de disparos.
Além de WhatsApp e Facebook, serão intimados Twitter, YouTube, Instagram e Telegram.","https://www.cartacapital.com.br/justica/mp-mira-laranjas-por-disparo-de-noticias-falsas-nas-eleicoes/
",0
37,2019-02-27 00:00:00,Homem é detido por disparo e porte irregular de arma de fogo em Juiz de Fora,"['irregular', 'autor', 'polícia', 'porte', 'vítima', 'detido', 'arma', 'homem', 'pm', '40', 'disparos', 'disparo', 'colete', 'esposa', 'juiz', 'fogo']","Pistola 9 mm foi apreendida com homem de 40 anos após relatos de disparos durante discussão com esposa em Juiz de Fora — Foto: Reprodução/TV IntegraçãoUm homem de 40 anos foi detido por disparo e posse ilegal de arma de fogo de calibre restrito na noite desta terça (26) em Juiz de Fora.
A Polícia Militar (PM) foi acionada porque disparos foram ouvidos após autor discutir com a esposa.
Na ocorrência, a arma de fogo e um colete balístico foram apreendidos.
O homem assumiu que a arma era dele, mas não disse nada sobre os disparos nem como adquiriu a arma e o colete balístico.
De acordo com a PM, o homem de 40 anos foi apontado como autor de uma ameaça em junho de 2009.","https://g1.globo.com/mg/zona-da-mata/noticia/2019/02/27/homem-e-detido-por-disparo-e-porte-irregular-de-arma-de-fogo-em-juiz-de-fora.ghtml
",0
38,2019-02-28 15:40:36-03:00,Policial faz disparo em escola de Linhares ao prender jovem que fazia tráfico no local,"['prender', 'alunos', 'polícia', 'policial', 'drogas', 'policiais', 'delegacia', 'escola', 'tráfico', 'linhares', 'jovem', 'disparo', 'aulas', 'militares']","Foto: Divulgação/ PMUm policial fez um disparo dentro de uma escola no bairro Araçás, em Linhares, na quarta-feira (27).
Os militares atenderam a uma denúncia de que um dos alunos da Escola Estadual Polivalente José de Caldas Brito estaria vendendo drogas no local.
Para dispersar o tumulto, o policial fez o disparo.
A Polícia ainda apreendeu drogas, um canivete e um celular.
A direção da escola foi procurada pela reportagem da TV Vitória e afirma que as aulas continuam normalmente nesta quinta-feira (28).","https://www.folhavitoria.com.br/policia/noticia/02/2019/policial-faz-disparo-em-escola-de-linhares-ao-prender-jovem-que-fazia-trafico-no-local
",0
39,,Bahia Notícias / Notícia / Justiça vai investigar 'laranjas' utilizados para disparo de mensagens de massa nas eleições,"['notícia', 'questões', 'laranjas', 'renildo', 'falar', 'disparo', 'social', 'eleições', 'utilizados', 'momo', 'massa', 'mensagens', 'carnaval', 'notícias', 'sofreu', 'direitos', 'investigar', 'respeito', 'justiça', 'rei']","O Rei Momo do Carnaval de Salvador de 2019 destacou a importância da figura momesca utilizando uma analogia: “o Rei Momo está par o Carnaval assim como o Papai Noel está para o Natal”.
O educador social de 42 anos, que já ocupou o posto em 2014, comparou o que mudou no papel exercido e na importância do Rei Momo entre o primeiro reinado a agora.
“Nós começamos a discutir a questão de ter um Rei Momo, que além da festa e diversão, também pudesse falar de direitos e do enfrentamento a violações.
Com 115 quilos, o Rei Momo falou também sobre a gordofobia e discriminação que já sofreu pelo seu peso.
“Todo mundo que é gordo já sofreu de alguma forma, com apelidos, vira referência, 'Olha o gordinho aí', 'Ah ta do lado do gordinho'”, assegurou o Rei Momo.","https://www.bahianoticias.com.br/noticia/232916-justica-vai-investigar-laranjas-utilizados-para-disparo-de-mensagens-de-massa-nas-eleicoes.html
",0
40,2019-02-25 00:00:00,Jovens fazem disparo de janela de ônibus e são detidos pela PM em Juiz de Fora,"['janela', 'munições', 'ônibus', 'foraarma', 'detidos', 'pm', 'disparo', 'jovens', 'localizadas', 'juiz']",Jovens fazem disparo de janela de ônibus e são detidos pela PM em Juiz de ForaArma e munições foram localizadas e apreendidas após buscas no coletivo.,"https://g1.globo.com/mg/zona-da-mata/noticia/2019/02/25/jovens-fazem-disparo-de-janela-de-onibus-e-sao-detidos-pela-pm-em-juiz-de-fora.ghtml
",0
41,,Sorriso: Menor tenta tirar arma de policial e guarnição é obrigada efetuar disparo,"['tentando', 'serem', 'rondas', 'revoltado', 'policial', 'guarnição', 'arma', 'tenta', 'tirar', 'reprodução', 'relato', 'disparo', 'êxito', 'sorriso', 'efetuar', 'tática']","Em rondas pelo bairro Nova Aliança, em Sorriso, próximo ao campo de futebol, a Força Tática se deparou com um grupo de pessoas que ao avistarem os policiais tentaram se evadir do local, mas êxito.
Todos do grupo foram abordados mas nada de ilícito foi encontrado.
Ao serem liberados, um menor de 17 anos que estava no grupo, e junto a sua mãe, revoltado com abordagem, segundo relato no BO, investiu contra a guarnição tentando pegar a arma de um dos policiais.
A guarnição efetuou um disparo de munição de impacto controlado (bala de borracha) para cessar a investida.
Foto reprodução","http://mtnoticias.net/sorriso-menor-tenta-tirar-arma-de-policial-e-guarnicao-e-obrigada-efetuar-disparo/
",0
42,2019-02-22 00:00:00,Operação da PCDF prende 103 foragidos em 5 dias: 'Sem disparo ou violência',"['polícia', 'números', 'operação', 'prende', '103', 'segundafeira', '5', 'mandados', 'dias', 'justiça', 'repressão', 'ações', 'disparo', 'foragidos', 'cumpridos', 'qualificada', 'violência', 'pcdf']","Operação começou na segunda-feira e teve fim nesta sexta (22/2) (foto: Alan Rios/Esp.
CB/D.A Press)A Polícia Civil prendeu 103 foragidos da Justiça em cinco dias, no Distrito Federal.
“Essa operação tem por objetivo estabelecer uma repressão cada vez mais qualificada, tanto na parte da investigação quanto no cumprimento de mandados.
Entre os mandados cumpridos, o caso que mais chamou atenção dos policiais foi de um acusado de estupro com pena de mais de 30 anos de prisão determinada pela Justiça.
Ação inteligenteAlém da expressividade dos números de mandados cumpridos na operação, a corporação destacou ainda que as ações foram realizadas de forma estratégica para evitar conflitos.","https://www.correiobraziliense.com.br/app/noticia/cidades/2019/02/22/interna_cidadesdf,739204/operacao-da-pcdf-prende-103-foragidos-em-5-dias-sem-disparo.shtml
",0
43,2019-02-28 09:37:20-03:00,Menino de 9 anos tenta assaltar joalheria com arma de brinquedo,"['menino', '9', 'daniela', 'filho', 'disse', 'joalheria', 'vídeo', 'assaltar', 'arma', 'loja', 'tenta', 'argentina', 'trás', 'brinquedo']","Um menino de 9 anos foi flagrado por câmera de segurança tentando assaltar uma joalheria em Moreno (província de Buenos Aires, Argentina) com uma arma de brinquedo.
As imagens mostraram o menino entrando na loja, aproximando-se do balcão e tirando a arma falsa da calça.
Segundo o jornal ""La Nación"", Nicolás García, dono da joalheria, percebeu que o menino não tinha uma arma de verdade e o enxotou da loja, sem resistência.
A mãe do menino, identificada como Daniela, de 28 anos, reconheceu o filho ao assistir ao vídeo.
A argentina disse que o filho foi expulso da escola no ano passado por mau comportamento.","https://extra.globo.com/noticias/page-not-found/menino-de-9-anos-tenta-assaltar-joalheria-com-arma-de-brinquedo-23487944.html
",0
44,2019-02-28 00:00:00,"Suspeito de tráfico é preso em casa com drogas, arma de fogo e objetos roubados","['preso', 'ii', 'suspeito', 'roubadospolícia', 'roubados', 'objetos', 'drogas', 'casa', 'arma', 'investigações', 'informou', 'tráfico', 'prisão', 'setor', 'fogo']","Suspeito de tráfico é preso em casa com drogas, arma de fogo e objetos roubadosPolícia Civil informou que as investigações começaram após uma denúncia anônima.
Prisão aconteceu no setor Aureny II.","https://g1.globo.com/to/tocantins/noticia/2019/02/28/suspeito-de-trafico-e-preso-em-casa-com-drogas-arma-de-fogo-e-objetos-roubados.ghtml
",0
45,2019-02-28 00:00:00,Prefeito suspeito de fraude eleitoral é preso pela PF após jogar arma e celular por cima de muro,"['oliveira', 'preso', 'prefeito', 'jogar', 'suspeito', 'fraude', 'pf', 'tentou', 'eleitoral', 'polícia', 'arma', 'muro', 'objetos', 'celular', 'posse']","Prefeito suspeito de fraude eleitoral é preso pela PF após jogar arma e celular por cima de muroPrefeito de Oliveira de Fátima foi preso em flagrante por posse ilegal de arma de fogo.
Segundo a Polícia Federal, ele tentou se desfazer de objetos durante cumprimento de mandado de busca.","https://g1.globo.com/to/tocantins/noticia/2019/02/28/prefeito-suspeito-de-fraude-eleitoral-e-preso-pela-pf-apos-jogar-arma-e-celular-por-cima-de-muro.ghtml
",0
46,2019-02-26 00:00:00,Jovem é preso por porte de arma em Resende,"['residência', 'pistola', 'preso', 'polícia', 'porte', 'suspeito', 'resende', 'arma', 'moradores', 'policiais', 'pm', 'receberam', 'jovem', 'revistar']","De acordo com a Polícia Militar (PM), os agentes receberam a denúncia de que um homem estaria exibindo uma arma e ameaçando moradores no local.
Policiais foram até a casa do suspeito e, ao revistar a residência, uma pistola foi encontrada no quarto dele.
O jovem confessou ser o dono da arma e disse que faz parte de uma facção criminosa.","https://g1.globo.com/rj/sul-do-rio-costa-verde/noticia/2019/02/26/jovem-e-preso-por-porte-de-arma-em-resende.ghtml
",0
47,2019-02-28 12:11:59+00:00,Jovem é apreendido em Pedra do Indaiá com simulacro de arma,"['apreendido', 'polícia', 'adolescente', 'volta', 'realizou', 'rastreamento', 'simulacro', 'arma', 'pedra', 'indaiá', 'publicidade', 'jovem', 'continua', '17']","- CONTINUA APÓS A PUBLICIDADE -Por volta das 17 horas de ontem (27), em Pedra do Indaiá, a Polícia Militar, após informações, realizou rastreamento com o objetivo de localizar um menor que, possivelmente, teria em sua posse uma arma de fogo.
O adolescente, de 17 anos, foi localizado e afirmou ser proprietário de um simulacro de arma, o qual comprou de um desconhecido na cidade de Formiga.
- CONTINUA APÓS A PUBLICIDADE -Diante do exposto, o adolescente foi encaminhado à Delegacia de Polícia Civil com o objeto apreendido.
► DEIXE ABAIXO SEU COMENTÁRIO ◄","https://www.jornalcidademg.com.br/jovem-e-apreendido-em-pedra-do-indaia-com-simulacro-de-arma/
",0
48,2019-02-28 17:18:39+00:00,Hellboy aparece com espada de fogo e arma em novos pôsteres,"['viveu', 'usou', 'vilã', 'bruxas', 'of', 'merlin', 'westworld', 'arma', 'nimue', 'aparece', 'truques', 'pôsteres', 'hellboy', 'fogo', 'espada']","Hellboy teve dois novos pôsteres divulgados.
Nos quadrinhos de Hellboy, a Rainha de Sangue é Nimue, a maior de todas as bruxas britânicas, que viveu na era arthuriana e era amante de Merlin.
Sem Merlin, porém, Nimue enlouqueceu, e sua loucura era tamanha que todas as outras bruxas julgaram melhor matá-la, esquartejá-la e espalhar seus pedaços pela Terra.
David Harbour faz o papel principal, Ian McShane é o Professor Broom e Milla Jovovich é a vilã.
Neil Marshall (Westworld, Constantine, Game of Thrones) é o diretor e o lançamento está marcado para 11 de abril.","https://www.omelete.com.br/hellboy/hellboy-aparece-com-espada-de-fogo-e-arma-em-novos-posteres
",0
49,,Pedidos de posse de arma em Joinville crescem 25% após decreto,"['crescem', 'polícia', 'públicos', 'período', 'arma', '25', 'lei', 'solicitações', 'pedidos', 'decreto', 'posse', 'realizado', 'obras', 'joinville']","*Por Hassan FariasO número de solicitações de posse de arma de fogo aumentou 25% na região Norte do Estado após a assinatura pelo presidente Jair Bolsonaro (PSL) do decreto de flexibilização das regras.
Desde 15 de janeiro, foram 250 novos pedidos protocolados na Polícia Federal de Joinville, único local que recebe as requisições na região.
No mesmo período do ano passado, foram registradas 200 solicitações, sendo 50 a menos do que foi protocolado neste ano.
Porém, o delegado e chefe da PF em Joinville, Alexandre de Andrade Silva, confirma que, geralmente, a maioria dos pedidos são concedidos.
Interdição no CentroA rua Engenheiro Niemeyer está parcialmente interditada para obras de saneamento básico no Centro de Joinville.","https://www.nsctotal.com.br/colunistas/saavedra/pedidos-de-posse-de-arma-em-joinville-crescem-25-apos-decreto
",0
50,,"Polícias Civil e Militar apreendem dinheiro, droga, arma e munição em Senador Guiomard","['polícia', 'polícias', 'guiomard', 'revólver', 'militar', 'r', 'crimes', 'drogas', 'senador', 'droga', 'dinheiro', 'munição', 'arma', 'tráfico', 'josué', 'município', 'associação', 'civil', 'apreendem']","Como desfecho de uma investigação dos agentes da Polícia Civil do município de Senador Guiomard, uma operação conjunta da Polícia Civil e Militar resultou na prisão de Josué Gomes do Nascimento, 26 anos, conhecido como “Palhacim” e na apreensão do menor V. R. S., de 16 anos.
Policiais chegaram até a residência de Josué, no bairro Jardim Botânico, e foram recebidos por tiros efetuados pelo suspeito.
Neste momento, o investigado tentou fugir, mas foi contido pela equipe, juntamente com o menor que estava na casa.
Segundo um agente da polícia civil que participou da ação, o revólver é de propriedade de uma empresa de vigilância do município, e teria sido roubado em dezembro de 2018.
O menor apreendido responderá pelos atos infracionais referente ao tráfico de drogas e associação para o tráfico e após os procedimentos será liberado ao responsável legal mediante termo de compromisso.","http://www.agencia.ac.gov.br/policias-civil-e-militar-apreendem-dinheiro-droga-arma-e-municao-em-senador-guiomard/
",0
51,2019-02-27 20:21:18+00:00,Quase 30 armas de clube de tiro de SP agora estão nas ruas,"['armas', 'tiro', 'polícia', 'gente', 'segurança', 'quase', 'roubo', 'arma', 'ruas', 'mercado', '30', 'calibre', 'clube', 'sp']","O arsenal do clube de tiro é de 58 unidades de diversos calibres.
Langeani estabelece um comparativo com o caso do clube de tiro em SP.
Só desse episódio do roubo de arma do clube de tiro, a gente está falando de três dias de trabalho da polícia que foram jogados fora.
Para ele, o episódio do roubo no clube de tiro oferece risco real à população.
Quando a gente tem um aumento de mais gente usando arma, a gente vai ter mais clube de tiro, mais empresa de segurança privada.","https://ponte.org/quase-30-armas-de-clube-de-tiro-de-sp-agora-estao-nas-ruas/
",0
52,2019-02-28 00:00:00,Trio é preso tentando arremessar granada caseira e armas para dentro de presídio do Complexo do Curado,"['tentando', 'armas', 'preso', 'presídio', 'granada', 'fuga', 'policial', 'caseira', 'complexo', 'recife', 'curado', 'trio', 'arremessar', 'presos', 'fogo', 'guarita']","Dois homens e uma mulher foram presos em flagrante tentando arremessar uma granada caseira, armas e máscaras pelo muro do Presídio Frei Damião de Bozzano, no Complexo do Curado, no bairro do Sancho, na Zona Oeste do Recife .
Segundo o Sindicato dos Agentes Penitenciários de Pernambuco (Sindasp-PE), o grupo foi abordado próximo à guarita 5 do presídio.
Com o trio, foram apreendidas duas armas de fogo calibre 38, além de munição e da granada artesanal.
""O trio chegou próximo à guarita 5 do presídio e estavam de posse de dois revólveres e uma granada de fabricação caseira.
Na abordagem, um deles repassou a informação, durante interrogatório, que a granada seria atirada contra o policial que estava na guarita"", diz.","https://g1.globo.com/pe/pernambuco/noticia/2019/02/28/trio-e-preso-tentando-arremessar-armas-e-granada-caseira-para-dentro-de-presidio-do-complexo-do-curado.ghtml
",0
53,2019-02-27 00:00:00,Homem é preso pelo 8º BPM por porte ilegal de arma de fogo em Paraíso do Tocantins-TO.,"['touma', 'preso', 'tocantinstoo', 'prisão', 'militares', 'fogo', 'atitudes', 'voz', 'paraíso', 'homem', 'bpm', 'porte', 'flagrante', 'ilegal', 'arma', '8º', 'torno', 'tocantinsto', 'policiais']","Na madrugada desta segunda-feira (25), policiais militares do 8º BPM prenderam em flagrante delito um homem portando ilegalmente uma arma de fogo em setor da região sul de Paraíso do Tocantins-TO.
O 190 foi acionado acerca de um possível abate e furto de animal, quando os policiais militares patrulhavam diligenciando em torno do caso, localizaram, em atitudes suspeitas, um indivíduo conduzindo uma bicicleta que ao ser abordado, submetido a busca pessoal, estava com um revólver calibre 22, com 6 munições intactas, e que deu explicações estranhas e não convincentes sobre suas atitudes.
Ao receber voz de prisão, foi conduzido pelos Policiais Militares até a Central de Flagrantes onde foi ratificado o auto de prisão em flagrante e a arma apreendida.
Foto: Divulgação/PM TOUma das missões da Polícia Militar do Tocantins é assegurar a ordem pública em todo o território tocantinense.
E essa arma apreendida, tirada de circulação, é motivo de se ter a sensação de dever cumprido, pois representa menos um objeto altamente letal nas mãos de pessoas erradas.","http://surgiu.com.br/2019/02/27/homem-e-preso-pelo-8o-bpm-por-porte-ilegal-de-arma-de-fogo-em-paraiso-do-tocantins-to/
",0
54,2019-02-22 00:00:00,Henrique Fogaça posta foto com arma e provoca polêmica com seguidores,"['fogaça', 'henrique', 'imagem', 'arma', 'polêmica', 'foto', 'umaà', 'comentários', 'instagram', 'mata', 'provoca', 'gatilho', 'posta', 'esportivo', 'seguidores']","Fogaça e a esposa postaram a foto no Instagram (foto: Reprodução/Instagram)O chefpublicou uma foto no Instagram na manhã desta sexta-feira, 22, e provocou uma polêmica nos comentários.
Na imagem, o jurado do MasterChef segura uma arma ao lado da esposa,""Tiro esportivo.
Dia de concentração, adrenalina e equilíbrio"", escreveu na legenda.A publicação despertou umaà prática de tiro esportivo.
""Imagem desnecessária, deixando de seguir"", ""Credo, que horror"" e ""Péssimo exemplo"" são alguns exemplos de opiniões expressas por seguidores.
Já te admirava, admiro ainda mais agora"".","https://www.uai.com.br/app/noticia/mexerico/2019/02/22/noticias-mexerico,242044/henrique-fogaca-posta-foto-com-arma-e-provoca-polemica-com-seguidores.shtml
",0
55,2019-02-25 00:00:00,Homem é preso com maconha e arma escondidas em carro durante fiscalização em Garça,"['preso', 'garça', 'faróis', 'escondidas', 'maconha', 'arma', 'homem', 'motor', 'garçadroga', 'fiscalização', 'carro', 'laterais', 'forros', 'compartimento']","Homem é preso com maconha e arma escondidas em carro durante fiscalização em GarçaDroga estava escondida nas laterais, forros do assoalho, compartimento do motor, estepe e em compartimento dos faróis.","https://g1.globo.com/sp/bauru-marilia/noticia/2019/02/25/homem-e-preso-com-maconha-e-arma-escondidas-em-carro-durante-fiscalizacao-em-garca.ghtml
",0
56,,Motociclista dispensa arma de fogo em perseguição policial na cidade de Bias Fortes,"['cidade', 'motocicleta', 'ocupantes', 'policial', 'ordem', 'email', 'arma', 'perseguição', 'cor', 'motociclista', 'dispensa', 'bias', 'equipe', 'fortes', 'êxito', 'fogo']","Motociclista dispensa arma de fogo em perseguição policial na cidade de Bias FortesAté o momento os dois ocupantes da motocicleta não foram localizados.
Leia Mais...Cumprindo operação batida policial, em virtude do carnaval 2019, na cidade de Bias Fortes, a equipe da Polícia Militar foi ao bairro Colônia do Paiol.
No local, os militares viram uma motocicleta (adaptada para trilha), cor azul e preta, sem placa, com dois ocupantes, gerando suspeita da guarnição policial.
Foi realizado acompanhamento da motocicleta, dada ordem de parada com sinais sonoros, entretanto, a ordem não foi obedecida e um dos ocupantes dispensou algo ao solo.
Com Núcleo de Comunicação Organizacional da 13ª RPMREDAÇÃO DO BARBACENAMAIS - Whatsapp (32)9 8862-1874 - Email: [email protected]","http://www.barbacenamais.com.br/policia-mais/62-ocorrencias-policiais/12287-motociclista-dispensa-arma-de-fogo-em-perseguicao-policial-na-cidade-de-bias-fortes
",0
57,2019-02-22 00:00:00,Suspeito de homicídio no Espírito Santo é preso com arma em São João do Manteninha,"['manteninha', 'valadares', 'preso', 'suspeito', 'joão', 'espírito', 'arma', 'homem', 'santo', 'homicídio', 'pedras', 'manteninhaele']","Suspeito de homicídio no Espírito Santo é preso com arma em São João do ManteninhaEle foi preso em flagrente com arma em casa; em Governador Valadares, um homem também foi preso com arma de fogo e oito pedras de crack.",https://g1.globo.com/mg/vales-mg/noticia/2019/02/22/suspeito-de-homicidio-no-espirito-santo-e-preso-com-arma-em-sao-joao-do-manteninha.ghtml,0
